John Doe,1234567890 9876543210,john.doe@email.com john.work@company.com,1
Alice Smith,5551234567 5559876543,alice.smith@email.com,2
Bob Johnson,4445556666,bob@email.com bob.johnson@work.com personal@bob.net,3
Maria Garcia,7778889999 1112223333 4445556666,maria.g@email.com,4
David Lee,8885552222,david.lee@company.com,5
Sarah Wilson,3334445555 6667778888,sarah.w@email.com sarah@work.com,6
Michael Brown,9998887777,michael.b@email.com,7
Emma Davis,1112223333 4445556666,emma.davis@email.com emma@company.com,8
James Miller,7778889999,james.m@email.com james@work.net,9
Sophia Taylor,2223334444 5556667777,sophia.t@email.com,10
William Anderson,8889990000,will.anderson@email.com work@william.com,11
Olivia Martin,3334445555,olivia.m@email.com olivia@company.net,12
Lucas White,6667778888 9990001111,lucas.white@email.com,13
Isabella Clark,1234567890,bella.clark@email.com work@isabella.com,14
Ethan Moore,5556667777 8889990000,ethan.m@email.com ethan@work.net,15
Ava Thompson,9990001111,ava.t@email.com ava@company.com,16
Noah Rodriguez,2223334444 5556667777,noah.r@email.com,17
Mia Martinez,7778889999 1112223333,mia.m@email.com work@mia.net,18
Alexander Scott,4445556666,alex.scott@email.com alex@work.com,19
rohantest,1234567890 31231 412412 412341 25214,q roh3124 rohan rohanchid.test,20
rohan, , ,21
